groupID,gene,featureID,meanUsage_change,padj,delta_wUTR,delta_RED,max_abs_delta_RED,max_delta_RED_featureID,perGeneQ,dir_consensus,dominant_featureID
PCNX4,PCNX4,chr14_+_60134809,0.0868696337605396,0.000136357945922319,-563.128176639771,1.00707033671019,5.00270214244758,chr14_+_60143392,0.000179024449829535,Increased_only,chr14_+_60134809
CENPS-CORT,CENPS-CORT,chr1_+_10442503,0.325144108059958,0.000362248191070871,-73.4825684215504,4.71138195406801,4.71138195406802,chr1_+_10442729,0.000370077320108094,Mixed,chr1_+_10442503
MSX1,MSX1,chr4_+_4863551,0.230574249849582,0.00185704408075811,-82.0341391747804,1.68013701050904,1.68013701050904,chr4_+_4863551,0.00185819137823266,Mixed,chr4_+_4863551
FAM136A,FAM136A,chr2_-_70295977,0.120168919799011,0.00283989480822173,155.618751139719,1.27143758453002,1.27143758453002,chr2_-_70297272,0.00299883983513071,Mixed,chr2_-_70295977
OTUD7B,OTUD7B,chr1_-_149937813,0.22439080783515,0.0031009007245705,-914.824156226912,-2.17822947210832,2.48058219642791,chr1_-_149942019,0.00329154178617585,Decreased_only,chr1_-_149941263
TBC1D23,TBC1D23,chr3_+_100325234,0.0583631845362546,0.00331694886857195,80.324603310205,1.21573820564702,1.65838137900272,chr3_+_100323845,0.00348899293093046,Increased_only,chr3_+_100325234
NUDT9,NUDT9,chr4_+_87458345,0.141409698370356,0.00393369741807936,-156.823355492724,4.7273975080662,4.7273975080662,chr4_+_87458345,0.00411800115068958,Increased_only,chr4_+_87458345
ZMYM6,ZMYM6,chr1_-_34986982,0.076923076923077,0.00615143508824404,62.6153846153846,-1.04999916862714,1.04999916862714,chr1_-_34986982,0.00659526235538597,Decreased_only,chr1_-_34986982
ICAM1,ICAM1,chr19_+_10286615,0.115931504801683,0.00630660747200054,91.783111775215,1.2719510370822,1.2719510370822,chr19_+_10286615,0.00665191209946037,Increased_only,chr19_+_10286615
AKAP11,AKAP11,chr13_+_42323266,0.163187962394225,0.00731861055517564,584.539281296114,4.29337477988161,4.29337477988161,chr13_+_42319684,0.00777563002874421,Increased_only,chr13_+_42323266
POC1A,POC1A,chr3_-_52075254,0.198172690763052,0.00776216804332193,-104.437008032129,-1.76066214252768,1.76066214252768,chr3_-_52075781,0.00824086648327823,Decreased_only,chr3_-_52075254
SECISBP2,SECISBP2,chr9_+_89359639,0.212622957703606,0.00963656022712241,135.418647976843,2.41279005993153,2.85120254916044,chr9_+_89359011,0.0101324795352615,Increased_only,chr9_+_89359639
CENPA,CENPA,chr2_+_26794592,0.185865858279651,0.00979569980926289,-102.412087912088,-1.67329078688179,1.67329078688179,chr2_+_26794041,0.0105142892888431,Decreased_only,chr2_+_26794592
PROSER2,PROSER2,chr10_+_11870878,0.0779597604468071,0.00979569980926289,-108.909785344189,1.59897432147965,1.59897432147965,chr10_+_11870878,0.0104435743742417,Increased_only,chr10_+_11870878
SLC9B2,SLC9B2,chr4_-_103025497,0.183331573575476,0.0104624103556783,-174.164994896702,3.62279704851863,3.62279704851863,chr4_-_103025497,0.0111209451668254,Increased_only,chr4_-_103025497
HMGCS1,HMGCS1,chr5_-_43289396,0.192494871778487,0.011902908234683,171.49382018891,1.01538648319703,1.71433236823811,chr5_-_43290248,0.0125527763618393,Increased_only,chr5_-_43289396
TM2D3,TM2D3,chr15_-_101641851,0.14517824322897,0.011902908234683,-55.8170794512693,-1.55331098086047,2.06224873602459,chr15_-_101642319,0.0125421694289212,Decreased_only,chr15_-_101641851
ZNF616,ZNF616,chr19_-_52114401,0.218353174603175,0.0120135543353587,289.973015873016,-1.82110245325844,1.82110245325844,chr19_-_52113073,0.0127190159621478,Decreased_only,chr19_-_52114401
TBCCD1,TBCCD1,chr3_-_186546069,0.235335007803325,0.0139209939872354,-64.0111221225045,-1.02229631446951,1.02229631446951,chr3_-_186546341,0.00322742655989438,Mixed,chr3_-_186546341
DHTKD1,DHTKD1,chr10_+_12121218,0.296820347189568,0.0169863814743577,549.214326488164,-2.72466832132651,2.72466832132651,chr10_+_12121218,0.0182172966951634,Decreased_only,chr10_+_12121218
MAPK8,MAPK8,chr10_+_48435877,0.296921550493516,0.0175055204136732,-650.033749502142,1.22195894540029,2.68410298408782,chr10_+_48436728,0.0188384481186307,Increased_only,chr10_+_48436408
APAF1,APAF1,chr12_+_98735432,0.0650520105573669,0.017537365724945,185.528334109611,2.16738998195633,2.16738998195634,chr12_+_98732580,0.0187970248770862,Increased_only,chr12_+_98735432
RNF111,RNF111,chr15_+_59095958,0.177544309146222,0.0192437420807714,-106.729107879363,1.02670043912699,1.02670043912699,chr15_+_59095958,0.0206196238027407,Increased_only,chr15_+_59096431
ERVK3-1,ERVK3-1,chr19_+_58315652,0.215582610627936,0.0195489435271563,-103.755483727956,-2.25554684762201,3.50801831697526,chr19_+_58314792,0.020946242023233,Decreased_only,chr19_+_58315203
ELK4,ELK4,chr1_-_205613031,0.180110920510962,0.0195729224539371,-808.643674535492,1.77839300263285,2.30678588763124,chr1_-_205609723,0.0208708681093712,Increased_only,chr1_-_205607950
FBXL5,FBXL5,chr4_-_15605008,0.137722616402693,0.0196313951962315,65.6936880240844,-1.1446514803683,1.1446514803683,chr4_-_15605008,0.0209264891025785,Decreased_only,chr4_-_15605008
AKAP1,AKAP1,chr17_+_57120569,0.265780294884176,0.0197081330611752,194.96816053396,-1.66288158912952,1.66288158912952,chr17_+_57120569,0.0210177318350529,Decreased_only,chr17_+_57120569
TUBGCP4,TUBGCP4,chr15_+_43407093,0.19868142246191,0.0207619964548516,-114.080885818487,-1.65862922339519,1.65862922339519,chr15_+_43407093,0.0221472875028304,Decreased_only,chr15_+_43406039
MORC2,MORC2,chr22_-_30926613,0.108314176155669,0.0234996211757207,-159.655095653456,1.04938643832578,1.04938643832578,chr22_-_30925139,0.0249569863138286,Increased_only,chr22_-_30926613
GTPBP10,GTPBP10,chr7_+_90385184,0.630946389079539,0.0240176175798428,-2693.23928162892,2.7067034321421,3.57338824897044,chr7_+_90387336,0.0254934736724281,Increased_only,chr7_+_90385184
LATS2,LATS2,chr13_-_20974412,0.198654914192722,0.0244469545581717,-243.021081841886,2.58177922330823,2.89404327304777,chr13_-_20974025,0.0259399798693899,Increased_only,chr13_-_20973039
SLC35F6,SLC35F6,chr2_+_26778848,0.265377011665488,0.0244469545581717,-588.986186042406,2.16908762526596,2.33182520055901,chr2_+_26781179,0.0260244487143055,Increased_only,chr2_+_26778848
USP53,USP53,chr4_+_119294745,0.210745134955565,0.0252962242710181,59.1736754240831,-2.2564394937905,2.2564394937905,chr4_+_119294745,0.0269109950522804,Decreased_only,chr4_+_119295517
DNM1L,DNM1L,chr12_+_32745284,0.112465964454232,0.0279129941764955,-119.156880108641,-1.80275519409567,1.80275519409567,chr12_+_32745284,0.0298727217842535,Decreased_only,chr12_+_32744713
ARFGEF2,ARFGEF2,chr20_+_49036692,0.0660662781568114,0.0285845988292293,202.42707627247,1.62004089280055,1.62004089280055,chr20_+_49036692,0.030674599837682,Increased_only,chr20_+_49036692
GNPDA1,GNPDA1,chr5_-_142000677,0.0623602253410391,0.0292946649547842,71.0282966634436,2.28317030986399,2.28317030986399,chr5_-_142000677,0.0316327046984871,Increased_only,chr5_-_142000677
DMD,DMD,chrX_-_31119228,0.15861119771473,0.0332217249483755,-410.485779685722,-2.00964998570206,2.00964998570206,chrX_-_31119228,0.0355230656270887,Decreased_only,chrX_-_31119228
ARHGEF15,ARHGEF15,chr17_+_8322510,0.106378275108348,0.0342026100038472,92.8682341695874,2.14241999234005,2.14241999234005,chr17_+_8321637,0.0365271379519983,Increased_only,chr17_+_8322510
FKBP15,FKBP15,chr9_-_113165520,0.0608508048653008,0.0357660677366643,71.6383156399761,-1.3985542454278,2.02852969766205,chr9_-_113164109,0.038329570831686,Decreased_only,chr9_-_113165520
RORA,RORA,chr15_-_60493133,0.330980232762168,0.0375293742253653,74.442895678977,-1.68823183285648,1.68823183285648,chr15_-_60493133,0.0181970082212551,Mixed,chr15_-_60493133
BTG2,BTG2,chr1_+_203309599,0.211165134275133,0.0389736485239238,-433.310855532574,-3.4880472115455,3.4880472115455,chr1_+_203307547,0.0418458226039888,Decreased_only,chr1_+_203309599
CD82,CD82,chr11_+_44619762,0.123506279504849,0.0411601572908304,-74.1037677029095,1.68836466744891,1.68836466744891,chr11_+_44619762,0.0441326667066561,Increased_only,chr11_+_44619762
ERLIN1,ERLIN1,chr10_-_100150095,0.11540008095119,0.0457995743242891,77.0348887992436,3.07804729795273,3.10209856638251,chr10_-_100151810,0.0402840187087396,Mixed,chr10_-_100150095
VCF1,VCF1,chr17_-_73209435,0.133555622823909,0.0457995743242891,78.129007298086,-2.04780571136426,2.04780571136426,chr17_-_73209435,0.0492750102515097,Decreased_only,chr17_-_73207366
CRAMP1,CRAMP1,chr16_+_1677906,0.366491040559595,0.0461205632724917,167.852896576294,2.91206606457695,2.91206606457695,chr16_+_1677906,0.0496910869084622,Increased_only,chr16_+_1677906
ZNF597,ZNF597,chr16_-_3436111,0.508333333333333,0.0470310628025249,-1368.94166666667,2.39138590354503,2.39138590354503,chr16_-_3433418,0.0506399214589012,Increased_only,chr16_-_3436111
COX19,COX19,chr7_-_966167,0.165212187898998,0.048944862503509,255.82753143743,1.55391808531008,1.5635661014516,chr7_-_968717,0.0527140343331064,Increased_only,chr7_-_968975
ABCB7,ABCB7,chrX_-_75053281,0.119891443167305,0.0498485469983721,207.292305236271,-5.46845555779124,5.46845555779127,chrX_-_75051552,0.0540137168298031,Decreased_only,chrX_-_75053281
MTRR,MTRR,chr5_+_7900616,0.290686493339603,0.0498485469983721,-146.50599264316,1.49756316592056,1.49756316592056,chr5_+_7900616,0.0325164441286681,Mixed,chr5_+_7901120
